,Unnamed: 0,conversation_id,created_at,date,time,timezone,user_id,username,name,place,tweet,mentions,urls,photos,replies_count,retweets_count,likes_count,hashtags,cashtags,link,retweet,quote_url,video,near,geo,source,user_rt_id,user_rt,retweet_id,reply_to,retweet_date
2020,2084,803657916439937024,1480441953000,2016-11-29,23:22:33,India Standard Time,2838714338,drhelenhsu,Dr. Helen H. Hsu,,Addressing #student #stress in @USDFremont https://twitter.com/fuss4schools/status/799641525873324036¬†‚Ä¶,['usdfremont'],['https://twitter.com/fuss4schools/status/799641525873324036'],[],0,0,1,"['#student', '#stress']",[],https://twitter.com/DrHelenHsu/status/803657916439937024,False,https://twitter.com/fuss4schools/status/799641525873324036,0,,,,,,,"[{'user_id': '2838714338', 'username': 'DrHelenHsu'}, {'user_id': '2648816784', 'username': 'USDFremont'}]",
2021,2087,804290631489048576,1480592804000,2016-12-01,17:16:44,India Standard Time,779576763449905156,cessjae1702,Princess Mendoza,,Feeling Crazy üòú #FaceSwap #crazy #me #beingme #fangirl #stress #collegegirl #student  pic.twitter.com/OAhXUMoJUf,[],[],['https://pbs.twimg.com/media/CylqA9tVEAApHgb.jpg'],0,0,0,"['#faceswap', '#crazy', '#me', '#beingme', '#fangirl', '#stress', '#collegegirl', '#student']",[],https://twitter.com/cessjae1702/status/804290631489048576,False,,0,,,,,,,"[{'user_id': '779576763449905156', 'username': 'cessjae1702'}]",
2022,2088,804300440808681472,1480595142000,2016-12-01,17:55:42,India Standard Time,2294196240,camperformance,CAP,,What Joy from Cambridge University TEDx team said about our #Stress management training for #Student #Performance pic.twitter.com/vyDRY06Ba9,[],[],['https://pbs.twimg.com/media/Cyly_MGW8AUYjsH.jpg'],0,0,0,"['#stress', '#student', '#performance']",[],https://twitter.com/CamPerformance/status/804300440808681472,False,,0,,,,,,,"[{'user_id': '2294196240', 'username': 'CamPerformance'}]",
2023,2089,804437501154881537,1480627820000,2016-12-02,03:00:20,India Standard Time,2294196240,camperformance,CAP,,Talking to Suzie Thorpe @cambridge105 11.30 tomorrow about #student #stress management. Check out our blog on  http://ow.ly/RaNr306ISBF¬†,['cambridge105'],['http://ow.ly/RaNr306ISBF'],[],0,0,0,"['#student', '#stress']",[],https://twitter.com/CamPerformance/status/804437501154881537,False,,0,,,,,,,"[{'user_id': '2294196240', 'username': 'CamPerformance'}, {'user_id': '95086990', 'username': 'cambridge105'}]",
2024,2090,804646291406016517,1480677600000,2016-12-02,16:50:00,India Standard Time,80120091,drdegordon,DrDEGordon,,Why Understanding #Student #Trauma is More Important Than #Teaching ‚ÄòGrit‚Äô  http://www.theatlantic.com/education/archive/2015/12/when-grit-isnt-enough/418269/?utm_source=twb¬†‚Ä¶ #Mindfulness,[],['http://www.theatlantic.com/education/archive/2015/12/when-grit-isnt-enough/418269/?utm_source=twb'],[],0,0,0,"['#student', '#trauma', '#teaching', '#mindfulness']",[],https://twitter.com/DrDEGordon/status/804646291406016517,False,,0,,,,,,,"[{'user_id': '80120091', 'username': 'DrDEGordon'}]",
2025,2091,804653793409437696,1480679388000,2016-12-02,17:19:48,India Standard Time,2294196240,camperformance,CAP,,Really enjoyed talking to Suzie @cambridge105 just now. Thank you for asking great questions on a difficult topic - #student #stress.,['cambridge105'],[],[],0,2,2,"['#student', '#stress']",[],https://twitter.com/CamPerformance/status/804653793409437696,False,,0,,,,,,,"[{'user_id': '2294196240', 'username': 'CamPerformance'}, {'user_id': '95086990', 'username': 'cambridge105'}]",
2026,2092,804712468870266880,1480693378000,2016-12-02,21:12:58,India Standard Time,1852105392,studentmindsysj,Student Minds YSJ,,#calm #yoga #mindfulness #serene #stress #free #peace #love #student #mental #health ‚úåüèº‚ù§Ô∏è pic.twitter.com/spdjAYC7jY,[],[],['https://pbs.twimg.com/media/CyrptwuWIAIpuQq.jpg'],0,1,0,"['#calm', '#yoga', '#mindfulness', '#serene', '#stress', '#free', '#peace', '#love', '#student', '#mental', '#health']",[],https://twitter.com/StudentMindsYSJ/status/804712468870266880,False,,0,,,,,,,"[{'user_id': '1852105392', 'username': 'StudentMindsYSJ'}]",
2027,2093,804837565912190976,1480723203000,2016-12-03,05:30:03,India Standard Time,771088269899624448,kaplantestprep,Kaplan Test Prep,,Did you know power naps can help you become more productive? Here are 10 ways to relieve #stress as a #student.   http://spr.ly/60108Jqd6¬† pic.twitter.com/bFusdCor1Y,[],['http://spr.ly/60108Jqd6'],['https://pbs.twimg.com/media/CytbgCMUsAAvkW7.jpg'],0,0,0,"['#stress', '#student']",[],https://twitter.com/kaplantestprep/status/804837565912190976,False,,0,,,,,,,"[{'user_id': '771088269899624448', 'username': 'kaplantestprep'}]",
2028,2094,805349545962049537,1480845269000,2016-12-04,15:24:29,India Standard Time,635225474,stephwilkie94,stephanie wilkie,,Exams are looming #researchmethods #exams #unilife #student #studentlife #stress #anxiety @‚Ä¶  https://www.instagram.com/p/BNl0b4Kj9pO/¬†,[],['https://www.instagram.com/p/BNl0b4Kj9pO/'],[],0,0,0,"['#researchmethods', '#exams', '#unilife', '#student', '#studentlife', '#stress', '#anxiety']",[],https://twitter.com/stephwilkie94/status/805349545962049537,False,,0,,,,,,,"[{'user_id': '635225474', 'username': 'stephwilkie94'}]",
2029,2095,805909532547416064,1480978780000,2016-12-06,04:29:40,India Standard Time,731572201225371649,counsellorscafe,The Counsellors Caf√©,,Roll up! Roll up! The rollercoaster begins! |  http://www.thecounsellorscafe.co.uk/single-post/2016/12/01/Roll-up-Roll-up-The-rollercoaster-begins¬†‚Ä¶ | #traineecounsellor #student #therapy #fear #uncertainty pic.twitter.com/3CSF24FUVS,[],['http://www.thecounsellorscafe.co.uk/single-post/2016/12/01/Roll-up-Roll-up-The-rollercoaster-begins'],['https://pbs.twimg.com/media/Cy8qcfCXAAAgUwa.jpg'],0,3,2,"['#traineecounsellor', '#student', '#therapy', '#fear', '#uncertainty']",[],https://twitter.com/CounsellorsCafe/status/805909532547416064,False,,0,,,,,,,"[{'user_id': '731572201225371649', 'username': 'CounsellorsCafe'}]",
2030,2096,806198817628553217,1481047751000,2016-12-06,23:39:11,India Standard Time,794550575652368384,thecollege_feed,The College Feed,,Yup.. 100% me üòÇüòÇ #thecollegefeed #exams #studying #stress #student #fail #funny #college #humourmemes pic.twitter.com/5d8LuG3iSG,[],[],['https://pbs.twimg.com/media/CzAxE0RWgAAOFDc.jpg'],0,0,0,"['#thecollegefeed', '#exams', '#studying', '#stress', '#student', '#fail', '#funny', '#college', '#humourmemes']",[],https://twitter.com/thecollege_feed/status/806198817628553217,False,,0,,,,,,,"[{'user_id': '794550575652368384', 'username': 'thecollege_feed'}]",
2031,2097,806566457425461249,1481135403000,2016-12-08,00:00:03,India Standard Time,3774650897,remstacenter,REMS TA Center,,.@OregonState & @IESResearch study reports  warm/caring interactions between #teacher-child reduce #student #stress.  https://www.sciencedaily.com/releases/2016/12/161206142618.htm¬†‚Ä¶,"['oregonstate', 'iesresearch']",['https://www.sciencedaily.com/releases/2016/12/161206142618.htm'],[],0,0,0,"['#teacher', '#student', '#stress']",[],https://twitter.com/remstacenter/status/806566457425461249,False,,0,,,,,,,"[{'user_id': '3774650897', 'username': 'remstacenter'}, {'user_id': '18178876', 'username': 'OregonState'}, {'user_id': '1979407212', 'username': 'IESResearch'}]",
2032,2098,807291084350976000,1481310112000,2016-12-10,00:31:52,India Standard Time,1737249067,handsomeblexyn,Hassan Oluwaseyi,,#Agony of an_oppressed_student NPF shooting at Protesting students of LAUTECH #OPPRESSORS,"['sportsjournalng', 'bar_baric']",[],[],0,0,0,"['#agony', '#oppressors']",[],https://twitter.com/Handsomeblexyn/status/807299239483207681,False,,0,,,,,,,"[{'user_id': '1737249067', 'username': 'Handsomeblexyn'}, {'user_id': '369279715', 'username': 'SportsJournalNG'}, {'user_id': '3789985822', 'username': 'Bar_Baric'}]",
2033,2100,808110369893793792,1481503500000,2016-12-12,06:15:00,India Standard Time,1283971428,sky_fitness,Sky Fitness,,#Sweat out all your #stress from finals! We're offering #Student Holiday Specials thru January 15th. #finalsweek #treatyoself pic.twitter.com/q9ojBuXEKk,[],[],['https://pbs.twimg.com/media/CzC3X4cUsAAn92X.jpg'],0,0,0,"['#sweat', '#stress', '#student', '#finalsweek', '#treatyoself']",[],https://twitter.com/Sky_Fitness/status/808110369893793792,False,,0,,,,,,,"[{'user_id': '1283971428', 'username': 'Sky_Fitness'}]",
2034,2101,808286212167372801,1481545424000,2016-12-12,17:53:44,India Standard Time,802464429354823680,frdh_twt,üêßüå∏ÏãúÌã∞ ÌååÎ¶¨Îã§üå∏üêß,,Go to school tomorrow #stress #SchoolDays #class #skool #student #college #IT #CODING #WORKER #Hardwork #fighting #ct #day #daily #routine üòÇ,[],[],[],0,0,2,"['#stress', '#schooldays', '#class', '#skool', '#student', '#college', '#it', '#coding', '#worker', '#hardwork', '#fighting', '#ct', '#day', '#daily', '#routine']",[],https://twitter.com/frdh_twt/status/808286212167372801,False,,0,,,,,,,"[{'user_id': '802464429354823680', 'username': 'frdh_twt'}]",
2035,2103,809011474924453888,1481718340000,2016-12-14,17:55:40,India Standard Time,2294196240,camperformance,CAP,,What Joy from Cambridge University TEDx team said about our #Stress management training for #Student #Performance pic.twitter.com/nLidW0oiT4,[],[],['https://pbs.twimg.com/media/CzovpefWEAEEUsX.jpg'],0,0,0,"['#stress', '#student', '#performance']",[],https://twitter.com/CamPerformance/status/809011474924453888,False,,0,,,,,,,"[{'user_id': '2294196240', 'username': 'CamPerformance'}]",
2036,2104,809077479444987904,1481734077000,2016-12-14,22:17:57,India Standard Time,890649673,raychgksmith,Rachael smith,,Third year has made me very good at over reacting üòÇ #UoS #student #stress,[],[],[],0,0,0,"['#uos', '#student', '#stress']",[],https://twitter.com/Raychgksmith/status/809077479444987904,False,,0,,,,,,,"[{'user_id': '890649673', 'username': 'Raychgksmith'}]",
2037,2105,809128595004280832,1481746264000,2016-12-15,01:41:04,India Standard Time,3105956472,wicaresnetwork,The WI CARES Network,,#Trauma #Stress and what it does to #student #brain #Science  http://www.edweek.org/ew/articles/2016/12/14/the-brain-science-behind-student-trauma.html?cmp=eml-enl-eu-news2-RM¬†‚Ä¶ @EdWeekTeacher #COIP #learning,['edweekteacher'],['http://www.edweek.org/ew/articles/2016/12/14/the-brain-science-behind-student-trauma.html?cmp=eml-enl-eu-news2-RM'],[],0,0,0,"['#trauma', '#stress', '#student', '#brain', '#science', '#coip', '#learning']",[],https://twitter.com/WICARESNetwork/status/809128595004280832,False,,0,,,,,,,"[{'user_id': '3105956472', 'username': 'WICARESNetwork'}, {'user_id': '21118985', 'username': 'EdWeekTeacher'}]",
2038,2106,809269279379947520,1481779806000,2016-12-15,11:00:06,India Standard Time,381944003,bowerplacepsych,Bradley Lange,,#Testimonials from #Family #Therapy #Student & #Diploma of #counselling #2016 at #bowerplace...  http://fb.me/10P11ddeY¬†,[],['http://fb.me/10P11ddeY'],[],0,0,0,"['#testimonials', '#family', '#therapy', '#student', '#diploma', '#counselling', '#bowerplace']",[],https://twitter.com/BowerPlacePsych/status/809269279379947520,False,,0,,,,,,,"[{'user_id': '381944003', 'username': 'BowerPlacePsych'}]",
2039,2107,809561078925578240,1481849376000,2016-12-16,06:19:36,India Standard Time,592818134,corey_gittins,Corey Gittins,,The Pressures of University -  http://ht.ly/l3bz307aWJD¬† #student #journalism #stress  pic.twitter.com/RutxFtRE0K,[],['http://ht.ly/l3bz307aWJD'],['https://pbs.twimg.com/media/CzwjgltXcAImc9M.jpg'],0,0,1,"['#student', '#journalism', '#stress']",[],https://twitter.com/Corey_Gittins/status/809561078925578240,False,,0,,,,,,,"[{'user_id': '592818134', 'username': 'Corey_Gittins'}]",
2040,2108,809704568720232448,1481883587000,2016-12-16,15:49:47,India Standard Time,788758807656685568,theonlinelifeof,Laura,,"So... today is a day of studying and writing in the hope I get 5,000 words done before Christmas... wish me luck!  #student #stress #essay",[],[],[],1,0,0,"['#student', '#stress', '#essay']",[],https://twitter.com/theonlinelifeof/status/809704568720232448,False,,0,,,,,,,"[{'user_id': '788758807656685568', 'username': 'theonlinelifeof'}]",
2041,2109,810250288267456513,1482068005000,2016-12-18,19:03:25,India Standard Time,2420195376,studylifenwork,Study Life and Work,,Wer ist auch froh wenn es vorbei ist?  #student #studentenleben #advent #stress #universit√§t #hochschule #Xmas pic.twitter.com/XjDg3fVeCP,[],[],['https://pbs.twimg.com/media/Cz9lfMWXEAESmBy.jpg'],0,0,1,"['#student', '#studentenleben', '#advent', '#stress', '#universit√§t', '#hochschule', '#xmas']",[],https://twitter.com/studylifenwork/status/810478072264851456,False,,0,,,,,,,"[{'user_id': '2420195376', 'username': 'studylifenwork'}]",
2042,2110,810765867369701376,1482136620000,2016-12-19,14:07:00,India Standard Time,706396524469596161,anna_kodera77,‰Ωø„ÅÑ„Åæ„Åõ„Çì,,„ÅÇ„Å®‰ΩïÊó•ÈñìJK„ÇíÂêç‰πó„Çå„Çã„Çì„Å†ü§î „Éª „ÄÅ„ÄÅ„ÄÅ„ÄÅüò±‚ö°Ô∏è‚ö°Ô∏è #highschool #student #little #time #lonely ........üòîüíß  https://www.instagram.com/p/BOMTfiUBdN-/¬†,[],['https://www.instagram.com/p/BOMTfiUBdN-/'],[],0,0,0,"['#highschool', '#student', '#little', '#time', '#lonely']",[],https://twitter.com/anna_kodera77/status/810765867369701376,False,,0,,,,,,,"[{'user_id': '706396524469596161', 'username': 'anna_kodera77'}]",
2043,2111,810879051233710080,1482163605000,2016-12-19,21:36:45,India Standard Time,708187752982913024,thepeepertimes,thepeepertimes,,so students are stressed. Let's talk about it #student #stress #school  http://thepeepertimes.com/20982/257633/a/students-voice-increasing-stress-among-school-children#.WFgFXQrLBVE.twitter¬†‚Ä¶,[],['http://thepeepertimes.com/20982/257633/a/students-voice-increasing-stress-among-school-children#.WFgFXQrLBVE.twitter'],[],0,0,1,"['#student', '#stress', '#school']",[],https://twitter.com/thepeepertimes/status/810879051233710080,False,,0,,,,,,,"[{'user_id': '708187752982913024', 'username': 'thepeepertimes'}]",
2044,2112,810888174859943936,1482165781000,2016-12-19,22:13:01,India Standard Time,20507332,ellebelgique,ElleBelgique,," http://bit.ly/2h2j1S0¬† >> ""Blocus: 5 #astuces pour bien #dormir malgr√© le #stress. #student #advice #sleep pic.twitter.com/29a5jVjQKS",[],['http://bit.ly/2h2j1S0'],['https://pbs.twimg.com/media/C0DKCy1WEAIXYj9.jpg'],0,0,0,"['#astuces', '#dormir', '#stress', '#student', '#advice', '#sleep']",[],https://twitter.com/ELLEBelgique/status/810888174859943936,False,,0,,,,,,,"[{'user_id': '20507332', 'username': 'ELLEBelgique'}]",
2045,2113,810892156378480640,1482166730000,2016-12-19,22:28:50,India Standard Time,788758807656685568,theonlinelifeof,Laura,,"I'm sorry for the lack of updates recently, with studying and Christmas prep I have no time! üôÅ #busy #stress #christmas #studying #student",[],[],[],0,0,0,"['#busy', '#stress', '#christmas', '#studying', '#student']",[],https://twitter.com/theonlinelifeof/status/810892156378480640,False,,0,,,,,,,"[{'user_id': '788758807656685568', 'username': 'theonlinelifeof'}]",
2046,2114,811033287179247618,1482200378000,2016-12-20,07:49:38,India Standard Time,1299673800,thartman2u,Teresa Hartman,,#Student‚Äôs #Stress Puts Strain On #College #MentalHealthCenters ‚Äì #publichealth #highered #resilience #wellness  http://www.wuft.org/news/2016/12/19/students-stress-puts-strain-on-college-mental-health-centers/¬†‚Ä¶,[],['http://www.wuft.org/news/2016/12/19/students-stress-puts-strain-on-college-mental-health-centers/'],[],0,0,1,"['#student', '#stress', '#college', '#mentalhealthcenters', '#publichealth', '#highered', '#resilience', '#wellness']",[],https://twitter.com/thartman2u/status/811033287179247618,False,,0,,,,,,,"[{'user_id': '1299673800', 'username': 'thartman2u'}]",
2047,2115,811359146800975876,1482278069000,2016-12-21,05:24:29,India Standard Time,724606279977734145,amerosefrique,Friques of Amerose,,"The Christmas blues have hit and I haven't even left school, yet. #lonely #depressed #student #letsstayhere",[],[],[],0,0,0,"['#lonely', '#depressed', '#student', '#letsstayhere']",[],https://twitter.com/amerosefrique/status/811359146800975876,False,,0,,,,,,,"[{'user_id': '724606279977734145', 'username': 'amerosefrique'}]",
2048,2116,812022132821598208,1482436137000,2016-12-23,01:18:57,India Standard Time,605422254,academichelpuk,Academic Help UK,,Let Us Reduce Your Workload! Our Range Of Assignment Support Services..  http://buff.ly/2ij1LGb¬† #uni #stress #degrees #tech #grades #student  pic.twitter.com/sJPD0lKKLw,[],['http://buff.ly/2ij1LGb'],['https://pbs.twimg.com/media/C0Th0yzVEAA3NLc.png'],0,0,0,"['#uni', '#stress', '#degrees', '#tech', '#grades', '#student']",[],https://twitter.com/academichelpUK/status/812022132821598208,False,,0,,,,,,,"[{'user_id': '605422254', 'username': 'academichelpUK'}]",
2049,2118,812342987468525568,1482512635000,2016-12-23,22:33:55,India Standard Time,2572215617,deathqueenel,amina el,,Wanna party üòèbut have to studyüò≠ #medicalstudent #medical #studies #student #stress #exams #examseason,[],[],[],0,0,0,"['#medicalstudent', '#medical', '#studies', '#student', '#stress', '#exams', '#examseason']",[],https://twitter.com/deathqueenel/status/812342987468525568,False,,0,,,,,,,"[{'user_id': '2572215617', 'username': 'deathqueenel'}]",
2050,2119,812426215571259392,1482532478000,2016-12-24,04:04:38,India Standard Time,104249400,jaredmoney,JMoney,,Got my information pack for my Trauma today! I loved all the course so far but this I've been most looking forward too! üöëüòÅ #Trauma #Student,[],[],[],0,0,0,"['#trauma', '#student']",[],https://twitter.com/JaredMoney/status/812426215571259392,False,,0,,,,,,,"[{'user_id': '104249400', 'username': 'JaredMoney'}]",
2051,2120,812997736932974594,1482668739000,2016-12-25,17:55:39,India Standard Time,2294196240,camperformance,CAP,,What Joy from Cambridge University TEDx team said about our #Stress management training for #Student #Performance pic.twitter.com/GRXO8WBMfq,[],[],['https://pbs.twimg.com/media/C0hZIa-W8AAnviH.jpg'],0,0,2,"['#stress', '#student', '#performance']",[],https://twitter.com/CamPerformance/status/812997736932974594,False,,0,,,,,,,"[{'user_id': '2294196240', 'username': 'CamPerformance'}]",
2052,2122,813668747332325376,1482828721000,2016-12-27,14:22:01,India Standard Time,20507332,ellebelgique,ElleBelgique,, http://bit.ly/2h2j1S0¬† >> #Blocus: 5 #astuces pour bien dormir malgr√© le #stress. #student #mood #advice pic.twitter.com/DH7TdGlyGP,[],['http://bit.ly/2h2j1S0'],['https://pbs.twimg.com/media/C0WpDiEXUAAfcMF.jpg'],0,1,0,"['#blocus', '#astuces', '#stress', '#student', '#mood', '#advice']",[],https://twitter.com/ELLEBelgique/status/813668747332325376,False,,0,,,,,,,"[{'user_id': '20507332', 'username': 'ELLEBelgique'}]",
2053,2123,813715293298163712,1482839818000,2016-12-27,17:26:58,India Standard Time,173953995,_lauramort,Laura,,So much to do and no motivation to do it. Don't want to but really really need to. Getting so stressed! üò© #student #deadlines #stress,[],[],[],1,0,0,"['#student', '#deadlines', '#stress']",[],https://twitter.com/_lauramort/status/813715293298163712,False,,0,,,,,,,"[{'user_id': '173953995', 'username': '_lauramort'}]",
2054,2124,813794424069222401,1482858684000,2016-12-27,22:41:24,India Standard Time,2572215617,deathqueenel,amina el,,Sometimes i just wake up feeling sad.. #sad #bored #depressed #life #love #boredom #medical #student #studies #stress #college,[],[],[],0,0,0,"['#sad', '#bored', '#depressed', '#life', '#love', '#boredom', '#medical', '#student', '#studies', '#stress', '#college']",[],https://twitter.com/deathqueenel/status/813794424069222401,False,,0,,,,,,,"[{'user_id': '2572215617', 'username': 'deathqueenel'}]",
2055,2125,813889402233585664,1482881329000,2016-12-28,04:58:49,India Standard Time,43409883,pashtun_khan,Ÿæÿ¥ÿ™ŸàŸÜ ÿÆÿßŸÜ ⁄©ÿß⁄©⁄ë,,Internal struggle  http://www.dawn.com/news/1304451¬† #medical #student #Stress,[],['http://www.dawn.com/news/1304451'],[],0,0,0,"['#medical', '#student', '#stress']",[],https://twitter.com/Pashtun_khan/status/813889402233585664,False,,0,,,,,,,"[{'user_id': '43409883', 'username': 'Pashtun_khan'}]",
2056,2126,814311205862944768,1482981895000,2016-12-29,08:54:55,India Standard Time,19308319,coldsoresbegone,Robin Barr,,My life purpose is to solve problems. Want painful mouth ulcers gone by next day? üòÇ  http://cankersoresbegone.com¬† #canker #student #stress #chemo,[],['http://cankersoresbegone.com'],[],0,0,0,"['#canker', '#student', '#stress', '#chemo']",[],https://twitter.com/ColdSoresBegone/status/814311205862944768,False,,0,,,,,,,"[{'user_id': '19308319', 'username': 'ColdSoresBegone'}]",
2057,2127,814430629513326596,1483010368000,2016-12-29,16:49:28,India Standard Time,14229632,diabeticcyborgg,"Adam, Diabetic Cyborg",,#Sex in the #cornfields: The #agony & #ecstasy of #dating @ a strict #Christian #college  http://www.salon.com/2016/12/29/sex-in-the-cornfields-the-agony-and-ecstasy-of-dating-at-a-strict-christian-college-2/#.WGTw8FxDdto.twitter¬†‚Ä¶ #Students #pleasures #Essay,[],['http://www.salon.com/2016/12/29/sex-in-the-cornfields-the-agony-and-ecstasy-of-dating-at-a-strict-christian-college-2/#.WGTw8FxDdto.twitter'],[],0,0,0,"['#sex', '#cornfields', '#agony', '#ecstasy', '#dating', '#christian', '#college', '#students', '#pleasures', '#essay']",[],https://twitter.com/DiabeticCyborgg/status/814430629513326596,False,,0,,,,,,,"[{'user_id': '14229632', 'username': 'DiabeticCyborgg'}]",
2058,2129,815062832240726016,1483161096000,2016-12-31,10:41:36,India Standard Time,169237864,bonitaedu,Bonita H,,Education Week #student #stress overlooked problem  http://mobile.edweek.org/c.jsp?cid=25919971&bcid=25919971&rssid=25919961&item= http%3A%2F%2Fapi.edweek.org%2Fv1%2Few%2F%3Fuuid%3D177EF746-BD8B-11E6-AD3A-5B9AB3743667&cmp=eml-enl-eu-news1¬†‚Ä¶,[],['http://mobile.edweek.org/c.jsp?cid=25919971&bcid=25919971&rssid=25919961&item=http%3A%2F%2Fapi.edweek.org%2Fv1%2Few%2F%3Fuuid%3D177EF746-BD8B-11E6-AD3A-5B9AB3743667&cmp=eml-enl-eu-news1'],[],0,0,0,"['#student', '#stress']",[],https://twitter.com/BonitaEdu/status/815062832240726016,False,,0,,,,,,,"[{'user_id': '169237864', 'username': 'BonitaEdu'}]",
2059,2131,815896834010992640,1483359938000,2017-01-02,17:55:38,India Standard Time,2294196240,camperformance,CAP,,What Joy from Cambridge University TEDx team said about our #Stress management training for #Student #Performance pic.twitter.com/P8ciqKteoU,[],[],['https://pbs.twimg.com/media/C1Kl2GeXAAAcE83.jpg'],0,0,0,"['#stress', '#student', '#performance']",[],https://twitter.com/CamPerformance/status/815896834010992640,False,,0,,,,,,,"[{'user_id': '2294196240', 'username': 'CamPerformance'}]",
2060,2132,816058223253983237,1483398416000,2017-01-03,04:36:56,India Standard Time,43457499,helgaluest,Helga Luest,,#Student #Trauma: How #School Leaders Can Respond  http://www.edweek.org/ew/collections/student-trauma-commentaries/¬†‚Ä¶,[],['http://www.edweek.org/ew/collections/student-trauma-commentaries/'],[],0,0,0,"['#student', '#trauma', '#school']",[],https://twitter.com/HelgaLuest/status/816058223253983237,False,,0,,,,,,,"[{'user_id': '43457499', 'username': 'HelgaLuest'}]",
2061,2133,816063425440784386,1483399657000,2017-01-03,04:57:37,India Standard Time,43457499,helgaluest,Helga Luest,,The #Brain #Science Behind #Student #Trauma  http://www.edweek.org/ew/articles/2016/12/14/the-brain-science-behind-student-trauma.html¬†‚Ä¶,[],['http://www.edweek.org/ew/articles/2016/12/14/the-brain-science-behind-student-trauma.html'],[],0,0,2,"['#brain', '#science', '#student', '#trauma']",[],https://twitter.com/HelgaLuest/status/816063425440784386,False,,0,,,,,,,"[{'user_id': '43457499', 'username': 'HelgaLuest'}]",
2062,2134,816064391057645568,1483399887000,2017-01-03,05:01:27,India Standard Time,812564976854515712,techemprende,TechEmprende,,The #Science Behind #Student #Trauma  http://www.edweek.org/ew/articles/2016/12/14/the-brain-science-behind-student-trauma.html¬†‚Ä¶ V√≠a HelgaLuest,[],['http://www.edweek.org/ew/articles/2016/12/14/the-brain-science-behind-student-trauma.html'],[],0,0,0,"['#science', '#student', '#trauma']",[],https://twitter.com/TechEmprende/status/816064391057645568,False,,0,,,,,,,"[{'user_id': '812564976854515712', 'username': 'TechEmprende'}]",
2063,2136,817096575340179456,1483645979000,2017-01-06,01:22:59,India Standard Time,43457499,helgaluest,Helga Luest,,"#Training #Teachers to #Identify #Student #Trauma Will Be Main #Legislative #Priority, #Teachers #Union Pres Says  http://www.educationworld.com/a_news/training-teachers-identify-student-trauma-will-be-main-legislative-priority-teachers-union¬†‚Ä¶",[],['http://www.educationworld.com/a_news/training-teachers-identify-student-trauma-will-be-main-legislative-priority-teachers-union'],[],0,0,0,"['#training', '#teachers', '#identify', '#student', '#trauma', '#legislative', '#priority', '#teachers', '#union']",[],https://twitter.com/HelgaLuest/status/817096575340179456,False,,0,,,,,,,"[{'user_id': '43457499', 'username': 'HelgaLuest'}]",
2064,2138,817402597053202432,1483718940000,2017-01-06,21:39:00,India Standard Time,2932876718,tonydrees,Tony Drees,,"#Student #stress is unprecedented. ""The strain has grown to crisis levels in many schools.""   http://buff.ly/2j9ibkY¬†",[],['http://buff.ly/2j9ibkY'],[],0,0,0,"['#student', '#stress']",[],https://twitter.com/TonyDrees/status/817402597053202432,False,,0,,,,,,,"[{'user_id': '2932876718', 'username': 'TonyDrees'}]",
2065,2139,818383186128470016,1483952731000,2017-01-09,14:35:31,India Standard Time,2858290523,mortex09,Alex »òtefan,,"Last week of classes, last chance to save the semester üòµüòµüòµ #stress #sleepless #engineering #student",[],[],[],0,0,0,"['#stress', '#sleepless', '#engineering', '#student']",[],https://twitter.com/mortex09/status/818383186128470016,False,,0,,,,,,,"[{'user_id': '2858290523', 'username': 'mortex09'}]",
2066,2140,818523330491904000,1483986144000,2017-01-09,23:52:24,India Standard Time,108413808,heathertoskan,Heather Toskan,,#mindfullness and #yoga to combat #student #exam #stress Excellent idea from my Alma Mater @uoftalumni https://twitter.com/uoftalumni/status/814880102987300865¬†‚Ä¶,['uoftalumni'],['https://twitter.com/uoftalumni/status/814880102987300865'],[],0,0,1,"['#mindfullness', '#yoga', '#student', '#exam', '#stress']",[],https://twitter.com/heathertoskan/status/818523330491904000,False,https://twitter.com/uoftalumni/status/814880102987300865,0,,,,,,,"[{'user_id': '108413808', 'username': 'heathertoskan'}, {'user_id': '23604654', 'username': 'uoftalumni'}]",
2067,2142,819181837692108801,1484143144000,2017-01-11,19:29:04,India Standard Time,818458972759977986,studentsbrm,Sbrm Student Desiree,,Nog 1 uur en 12 minuten! #stress #tentamens #student #SBRM #Xplora #avans,[],[],[],0,0,0,"['#stress', '#tentamens', '#student', '#sbrm', '#xplora', '#avans']",[],https://twitter.com/StudentSBRM/status/819181837692108801,False,,0,,,,,,,"[{'user_id': '818458972759977986', 'username': 'StudentSBRM'}]",
2068,2143,819877916645486592,1484309102000,2017-01-13,17:35:02,India Standard Time,228406839,mystudylife,My Study Life,,Reckon this would make a nice cuppa? #student #stress  pic.twitter.com/JoPyZuA8D8,[],[],['https://pbs.twimg.com/media/C2DKnqOXEAEvxAd.jpg'],0,0,1,"['#student', '#stress']",[],https://twitter.com/mystudylife/status/819877916645486592,False,,0,,,,,,,"[{'user_id': '228406839', 'username': 'mystudylife'}]",
2069,2144,820320471904186368,1484414615000,2017-01-14,22:53:35,India Standard Time,2371075352,inkplicityco,Inkplicity,,#SAPPI #RESEARCH -- Reading on Paper is Better.  https://www.youtube.com/watch?v=SRoLS2G57YI¬†‚Ä¶ #comprehension #student #education #stress #memory #digital,[],['https://www.youtube.com/watch?v=SRoLS2G57YI'],[],0,0,1,"['#sappi', '#research', '#comprehension', '#student', '#education', '#stress', '#memory', '#digital']",[],https://twitter.com/InkplicityCo/status/820320471904186368,False,,0,,,,,,,"[{'user_id': '2371075352', 'username': 'InkplicityCo'}]",
2070,2147,821002824058372096,1484577301000,2017-01-16,20:05:01,India Standard Time,2383108734,sankalpaart,Sankalpa,,#Brainwise #understanding of #student #trauma and #impact on #learning. #stress #neuroplasticity #awareness  http://buff.ly/2iqCqKK¬†,[],['http://buff.ly/2iqCqKK'],[],0,0,0,"['#brainwise', '#understanding', '#student', '#trauma', '#impact', '#learning', '#stress', '#neuroplasticity', '#awareness']",[],https://twitter.com/SankalpaArt/status/821002824058372096,False,,0,,,,,,,"[{'user_id': '2383108734', 'username': 'SankalpaArt'}]",
2071,2148,821701218812596224,1484743811000,2017-01-18,18:20:11,India Standard Time,4825013172,positivepsch,Positive Psychology,,#student #poster presentations #psychology #psychotherapy #mentalillness #mindfulness #stress #psychiatry visit us:  https://goo.gl/qKtrvN¬† pic.twitter.com/0HnNIEV3cD,[],['https://goo.gl/qKtrvN'],['https://pbs.twimg.com/media/C2dE4y8UUAACoX7.jpg'],0,0,2,"['#student', '#poster', '#psychology', '#psychotherapy', '#mentalillness', '#mindfulness', '#stress', '#psychiatry']",[],https://twitter.com/PositivePsch/status/821701218812596224,False,,0,,,,,,,"[{'user_id': '4825013172', 'username': 'PositivePsch'}]",
2072,2149,821739243215224833,1484752877000,2017-01-18,20:51:17,India Standard Time,714114636321267712,big_bear1997,Josh Andrew Morton,,Assignment stress leads to mental asylum #college #collegelife #student #studentlife #stress‚Ä¶  https://www.instagram.com/p/BPaRmwuDh03/¬†,[],['https://www.instagram.com/p/BPaRmwuDh03/'],[],0,0,0,"['#college', '#collegelife', '#student', '#studentlife', '#stress']",[],https://twitter.com/Big_Bear1997/status/821739243215224833,False,,0,,,,,,,"[{'user_id': '714114636321267712', 'username': 'Big_Bear1997'}]",
2073,2151,822057431538794497,1484828739000,2017-01-19,17:55:39,India Standard Time,2294196240,camperformance,CAP,,What Joy from Cambridge University TEDx team said about our #Stress management training for #Student #Performance pic.twitter.com/5Wv0kjupkN,[],[],['https://pbs.twimg.com/media/C2iI4AdUoAALGiu.jpg'],0,0,2,"['#stress', '#student', '#performance']",[],https://twitter.com/CamPerformance/status/822057431538794497,False,,0,,,,,,,"[{'user_id': '2294196240', 'username': 'CamPerformance'}]",
2074,2152,822134028203499520,1484847001000,2017-01-19,23:00:01,India Standard Time,17308291,br_wissen,BR - Wissen,,"Pr√ºfungsstress? ""√úber Uni"" hat #Lerntipps f√ºr die Pr√ºfungsphase #studium #student #stress @ARD_alpha @campus_magazin http://br.de/s/2fb1CdO¬†","['ard_alpha', 'campus_magazin']",['http://br.de/s/2fb1CdO'],[],0,2,3,"['#lerntipps', '#studium', '#student', '#stress']",[],https://twitter.com/BR_Wissen/status/822134028203499520,False,,0,,,,,,,"[{'user_id': '17308291', 'username': 'BR_Wissen'}, {'user_id': '2507498916', 'username': 'ARD_alpha'}, {'user_id': '3250575532', 'username': 'campus_magazin'}]",
2075,2153,822148714580103168,1484850502000,2017-01-19,23:58:22,India Standard Time,76699679,worldofjojo,tjorven,,üìöüë©üèª‚Äçüéìüìùüììüò¥ #studying #student #klausurphase #klausurenphase #stress #lernen #lernenlernenlernen‚Ä¶  https://www.instagram.com/p/BPdL0CBDQJP/¬†,[],['https://www.instagram.com/p/BPdL0CBDQJP/'],[],0,0,3,"['#studying', '#student', '#klausurphase', '#klausurenphase', '#stress', '#lernen', '#lernenlernenlernen']",[],https://twitter.com/worldofjojo/status/822148714580103168,False,,0,,,,,,,"[{'user_id': '76699679', 'username': 'worldofjojo'}]",
2076,2154,822231453224280064,1484870229000,2017-01-20,05:27:09,India Standard Time,2818728720,balance_lyfe,Balance Lyfe,,#Retweet to share with friends! Let's all succeed!  ->Conquer Stress- #Stress #Management Tips  http://www.balance-lyfe.com/home/conquer-stress-stress-management-tips/¬†‚Ä¶ #University #Student,[],['http://www.balance-lyfe.com/home/conquer-stress-stress-management-tips/'],[],0,1,0,"['#retweet', '#stress', '#management', '#university', '#student']",[],https://twitter.com/Balance_Lyfe/status/822231453224280064,False,,0,,,,,,,"[{'user_id': '2818728720', 'username': 'Balance_Lyfe'}]",
2077,2155,822556704403492864,1484947775000,2017-01-21,02:59:35,India Standard Time,822555876213002241,withoutanytrace,Withoutanytrace,, https://withoutanytrace.wordpress.com/¬† #everydayloneliness #lonely #students #student #depression #mentalhealth,[],['https://withoutanytrace.wordpress.com/'],[],0,0,0,"['#everydayloneliness', '#lonely', '#students', '#student', '#depression', '#mentalhealth']",[],https://twitter.com/withoutanytrace/status/822556704403492864,False,,0,,,,,,,"[{'user_id': '822555876213002241', 'username': 'withoutanytrace'}]",
2078,2156,823182578253524992,1485096995000,2017-01-22,20:26:35,India Standard Time,3306823052,yo2yoga,Yo 2 Yoga,,#yoga #yo2yoga #student #classroom #stress #tension #relax #school  http://fb.me/10UY4QeRc¬†,[],['http://fb.me/10UY4QeRc'],[],0,1,0,"['#yoga', '#yo2yoga', '#student', '#classroom', '#stress', '#tension', '#relax', '#school']",[],https://twitter.com/Yo2Yoga/status/823182578253524992,False,,0,,,,,,,"[{'user_id': '3306823052', 'username': 'Yo2Yoga'}]",
2079,2157,823485245622276099,1485169156000,2017-01-23,16:29:16,India Standard Time,102046003,proofed_inc,Proofed ‚Äî Proofreading & Editing Services,,"University can be stressful, but we have some tips to help!  https://proofreadmyessay.co.uk/resources/academic-blog/5-stress-tips-for-students/¬†‚Ä¶ #Stress #Anxiety #Student  pic.twitter.com/ehsAzTwXmM",[],['https://proofreadmyessay.co.uk/resources/academic-blog/5-stress-tips-for-students/'],['https://pbs.twimg.com/media/C22bdz8XAAARjW-.jpg'],0,2,0,"['#stress', '#anxiety', '#student']",[],https://twitter.com/Proofed_Inc/status/823485245622276099,False,,0,,,,,,,"[{'user_id': '102046003', 'username': 'Proofed_Inc'}]",
2080,2158,823558181074956288,1485186545000,2017-01-23,21:19:05,India Standard Time,746157437166682113,ashtriangaming,AshtrianGaming,,Got a book on being calm :) hope it helps me through some stressy times at uni :) #calm #fine #stress #uni #student  pic.twitter.com/gprcdCi7po,[],[],[],0,0,0,"['#calm', '#fine', '#stress', '#uni', '#student']",[],https://twitter.com/AshtrianGaming/status/823558181074956288,False,,1,,,,,,,"[{'user_id': '746157437166682113', 'username': 'AshtrianGaming'}]",
2081,2159,824956525999489024,1485519937000,2017-01-27,17:55:37,India Standard Time,2294196240,camperformance,CAP,,What Joy from Cambridge University TEDx team said about our #Stress management training for #Student #Performance pic.twitter.com/A39PpPj7rD,[],[],['https://pbs.twimg.com/media/C3LVlkBWcAAGx45.jpg'],0,0,0,"['#stress', '#student', '#performance']",[],https://twitter.com/CamPerformance/status/824956525999489024,False,,0,,,,,,,"[{'user_id': '2294196240', 'username': 'CamPerformance'}]",
2082,2161,825735577114963968,1485705677000,2017-01-29,21:31:17,India Standard Time,283697119,salmasalons,Salma's Salons,,Back at uni and feeling stressed? Treat yourself with our 20% student discount #student #uni #stress,[],[],[],0,0,0,"['#student', '#uni', '#stress']",[],https://twitter.com/SalmaSalons/status/825735577114963968,False,,0,,,,,,,"[{'user_id': '283697119', 'username': 'SalmaSalons'}]",
2083,2163,826388356753928192,1485861312000,2017-01-31,16:45:12,India Standard Time,755004082935435264,shuparamedic,SHU Paramedic,,@SimonStanden presenting trauma assessment and management to @ShuParamedic second years.... #trauma #student #paramedic pic.twitter.com/o2CLNKHhHA,"['simonstanden', 'shuparamedic']",[],['https://pbs.twimg.com/media/C3fr0vOWMAET-F4.jpg'],0,5,14,"['#trauma', '#student', '#paramedic']",[],https://twitter.com/ShuParamedic/status/826388356753928192,False,,0,,,,,,,"[{'user_id': '755004082935435264', 'username': 'ShuParamedic'}, {'user_id': '1063626847039172608', 'username': 'SimonStanden'}]",
2084,2164,826481415332233218,1485883499000,2017-01-31,22:54:59,India Standard Time,300615275,cara_acaar,CARA-ACAAR,,First-year student stress  http://news.ubc.ca/2017/01/30/dont-be-so-hard-on-yourself-ubc-study-on-first-year-student-stress/?utm_source=Academica+Top+Ten&utm_campaign=8ce3cff0fd-EMAIL_CAMPAIGN_2017_01_30&utm_medium=email&utm_term=0_b4928536cf-8ce3cff0fd-51909341¬†‚Ä¶ Source: UBC #BC #Student #stress #Canada,[],['http://news.ubc.ca/2017/01/30/dont-be-so-hard-on-yourself-ubc-study-on-first-year-student-stress/?utm_source=Academica+Top+Ten&utm_campaign=8ce3cff0fd-EMAIL_CAMPAIGN_2017_01_30&utm_medium=email&utm_term=0_b4928536cf-8ce3cff0fd-51909341'],[],0,0,0,"['#bc', '#student', '#stress', '#canada']",[],https://twitter.com/cara_acaar/status/826481415332233218,False,,0,,,,,,,"[{'user_id': '300615275', 'username': 'cara_acaar'}]",
2085,2165,826550450551943168,1485899958000,2017-02-01,03:29:18,India Standard Time,75628049,peterblind,Peter Blind,,Don't be so hard on yourself: Study on first-year #student #stress  https://www.sciencedaily.com/releases/2017/01/170130092100.htm#.WJEIj9xbUJo.twitter¬†‚Ä¶,[],['https://www.sciencedaily.com/releases/2017/01/170130092100.htm#.WJEIj9xbUJo.twitter'],[],0,0,0,"['#student', '#stress']",[],https://twitter.com/peterblind/status/826550450551943168,False,,0,,,,,,,"[{'user_id': '75628049', 'username': 'peterblind'}]",
2086,2167,827564442401505280,1486141713000,2017-02-03,22:38:33,India Standard Time,2707501512,sophierayne17,Sophie Rayne,,I have 5 essays due in the space of 2 weeks...to say I'm heading for a stressful month is an understatement üò´ #student #law #stress,[],[],[],0,0,1,"['#student', '#law', '#stress']",[],https://twitter.com/sophierayne17/status/827564442401505280,False,,0,,,,,,,"[{'user_id': '2707501512', 'username': 'sophierayne17'}]",
2087,2168,827580160966696960,1486145460000,2017-02-03,23:41:00,India Standard Time,760206383656603649,myfamilylifeser,MyFamilyLifeServices,,Check this out!  http://bit.ly/2kpPKkt¬† @MyFamilyLifeSer @4collegeparents @UA_FYC @TUFamily @BamaParents #help #student #parenting #stress,"['myfamilylifeser', '4collegeparents', 'ua_fyc', 'tufamily', 'bamaparents']",['http://bit.ly/2kpPKkt'],[],0,0,2,"['#help', '#student', '#parenting', '#stress']",[],https://twitter.com/MyFamilyLifeSer/status/827580160966696960,False,,0,,,,,,,"[{'user_id': '760206383656603649', 'username': 'MyFamilyLifeSer'}, {'user_id': '9335042', 'username': '4collegeparents'}, {'user_id': '2195298979', 'username': 'UA_FYC'}, {'user_id': '2591821898', 'username': 'TUFamily'}, {'user_id': '355725585', 'username': 'BamaParents'}]",
2088,2170,827855627728908293,1486211137000,2017-02-04,17:55:37,India Standard Time,2294196240,camperformance,CAP,,What Joy from Cambridge University TEDx team said about our #Stress management training for #Student #Performance pic.twitter.com/3IXlxz9eFy,[],[],['https://pbs.twimg.com/media/C30iTeRXUAA5RGi.jpg'],0,0,0,"['#stress', '#student', '#performance']",[],https://twitter.com/CamPerformance/status/827855627728908293,False,,0,,,,,,,"[{'user_id': '2294196240', 'username': 'CamPerformance'}]",
2089,2171,828219682150825984,1486297934000,2017-02-05,18:02:14,India Standard Time,585870269,natbob01,nathan,,When your Sunday looks like thisüëåüèª #Sunday #Study #Student #Essay #Therapist #Therapy #CBT‚Ä¶  https://www.instagram.com/p/BQIUkd4guZy/¬†,[],['https://www.instagram.com/p/BQIUkd4guZy/'],[],0,0,0,"['#sunday', '#study', '#student', '#essay', '#therapist', '#therapy', '#cbt']",[],https://twitter.com/natbob01/status/828219682150825984,False,,0,,,,,,,"[{'user_id': '585870269', 'username': 'natbob01'}]",
2090,2172,828319055400620032,1486321626000,2017-02-06,00:37:06,India Standard Time,434518430,tasnim214,tasnim,,Sneak peak of #Symmetry in #Patterns #relax #colour #fun #explore #design #therapy #student #love #sunday #book #tea  http://amzn.to/2h7zWmp¬† pic.twitter.com/Pa6T9tNwDw,[],['http://amzn.to/2h7zWmp'],[],0,2,1,"['#symmetry', '#patterns', '#relax', '#colour', '#fun', '#explore', '#design', '#therapy', '#student', '#love', '#sunday', '#book', '#tea']",[],https://twitter.com/tasnim214/status/828319055400620032,False,,1,,,,,,,"[{'user_id': '434518430', 'username': 'tasnim214'}]",
2091,2173,828521410280751104,1486369872000,2017-02-06,14:01:12,India Standard Time,772731677152018432,nwamb_jona,Jon Almond,,Good luck to all my fellow @UCLanParamedics starting their #Trauma exams today. I'm first up at 9am!!! #Student #Paramedic #Education,['uclanparamedics'],[],[],5,1,22,"['#trauma', '#student', '#paramedic', '#education']",[],https://twitter.com/NWAmb_JonA/status/828521410280751104,False,,0,,,,,,,"[{'user_id': '772731677152018432', 'username': 'NWAmb_JonA'}, {'user_id': '2799839553', 'username': 'UCLanParamedics'}]",
2092,2174,828524833252052992,1486370688000,2017-02-06,14:14:48,India Standard Time,201713767,authortommeyers,Tom Meyers,,"Depression, stress and emigration: Why medical students need to talk about #Mentalhealth  http://www.thejournal.ie/medical-students-mental-health-3214781-Feb2017/¬†‚Ä¶ #physician #stress #student",[],['http://www.thejournal.ie/medical-students-mental-health-3214781-Feb2017/'],[],0,0,0,"['#mentalhealth', '#physician', '#stress', '#student']",[],https://twitter.com/authortommeyers/status/828524833252052992,False,,0,,,,,,,"[{'user_id': '201713767', 'username': 'authortommeyers'}]",
2093,2175,828937616640839681,1486469103000,2017-02-07,17:35:03,India Standard Time,228406839,mystudylife,My Study Life,,Reckon this would make a nice cuppa? #student #stress  pic.twitter.com/Msex76PzYK,[],[],['https://pbs.twimg.com/media/C4D6XigWQAQhHND.jpg'],0,2,2,"['#student', '#stress']",[],https://twitter.com/mystudylife/status/828937616640839681,False,,0,,,,,,,"[{'user_id': '228406839', 'username': 'mystudylife'}]",
2094,2176,829348289753513985,1486567015000,2017-02-08,20:46:55,India Standard Time,2565833526,utowersca,U-Towers,,We still have some availability left! #Studenthousing #UofM #GoBlue #Furnishedapartments #AnnArbor #CollegeLife #Student #Stress #ToyStory pic.twitter.com/AfvFkWKASL,[],[],['https://pbs.twimg.com/media/C4Jv3WBWQAAbvOV.jpg'],0,0,2,"['#studenthousing', '#uofm', '#goblue', '#furnishedapartments', '#annarbor', '#collegelife', '#student', '#stress', '#toystory']",[],https://twitter.com/utowersca/status/829348289753513985,False,,0,,,,,,,"[{'user_id': '2565833526', 'username': 'utowersca'}]",
2095,2177,829453271165198337,1486592044000,2017-02-09,03:44:04,India Standard Time,88764043,mariechoppinmsw,Lotus Point Wellness,,‚úèÔ∏è Is your #middleschool #student experiencing #stress or #anxiety? Our Zen Zone #supportgroup may help! ‚û§ http://buff.ly/2jWDHZW¬† #parenting pic.twitter.com/n4IV6wSQFI,[],['http://buff.ly/2jWDHZW'],['https://pbs.twimg.com/media/C4LPWo3WAAAm12P.jpg'],0,0,0,"['#middleschool', '#student', '#stress', '#anxiety', '#supportgroup', '#parenting']",[],https://twitter.com/MarieChoppinMSW/status/829453271165198337,False,,0,,,,,,,"[{'user_id': '88764043', 'username': 'MarieChoppinMSW'}]",
2096,2179,830140028164698112,1486755780000,2017-02-11,01:13:00,India Standard Time,760206383656603649,myfamilylifeser,MyFamilyLifeServices,,The Top Mental Health Challenges Facing Students @BestCollegesCom  http://www.bestcolleges.com/resources/top-5-mental-health-problems-facing-college-students/¬†‚Ä¶ @4collegeparents #student #anxiety #stress #help,"['bestcollegescom', '4collegeparents']",['http://www.bestcolleges.com/resources/top-5-mental-health-problems-facing-college-students/'],[],0,0,1,"['#student', '#anxiety', '#stress', '#help']",[],https://twitter.com/MyFamilyLifeSer/status/830140028164698112,False,,0,,,,,,,"[{'user_id': '760206383656603649', 'username': 'MyFamilyLifeSer'}, {'user_id': '2830134224', 'username': 'BestCollegesCom'}, {'user_id': '9335042', 'username': '4collegeparents'}]",
2097,2180,830251264021630976,1486782301000,2017-02-11,08:35:01,India Standard Time,760206383656603649,myfamilylifeser,MyFamilyLifeServices,,The Top Mental Health Challenges Facing Students @BestCollegesCom @4collegeparents #student #anxiety #stress #help  http://bit.ly/1poVhIc¬† pic.twitter.com/Gv3SaxzUbc,"['bestcollegescom', '4collegeparents']",['http://bit.ly/1poVhIc'],['https://pbs.twimg.com/media/C4VAgaXWEAIELtS.jpg'],0,0,0,"['#student', '#anxiety', '#stress', '#help']",[],https://twitter.com/MyFamilyLifeSer/status/830251264021630976,False,,0,,,,,,,"[{'user_id': '760206383656603649', 'username': 'MyFamilyLifeSer'}, {'user_id': '2830134224', 'username': 'BestCollegesCom'}, {'user_id': '9335042', 'username': '4collegeparents'}]",
2098,2184,831386758596136960,1487053024000,2017-02-14,11:47:04,India Standard Time,816410159899705345,sinavkazandiran,Sƒ±navKazandƒ±ranAdam,,"Bug√ºn zilimiz üîî A≈ük i√ßin √ßalƒ±yor, bƒ±rakƒ±n kalemi defteri mola veriyoruz üíï#sƒ±nav #exam #stress #school #student #education #start #teog pic.twitter.com/0cX9DrW7ZZ",[],[],['https://pbs.twimg.com/media/C4mt1_RWYAEiyXd.jpg'],0,0,2,"['#sƒ±nav', '#exam', '#stress', '#school', '#student', '#education', '#start', '#teog']",[],https://twitter.com/sinavkazandiran/status/831386758596136960,False,,0,,,,,,,"[{'user_id': '816410159899705345', 'username': 'sinavkazandiran'}]",
2099,2187,831869672194703360,1487168159000,2017-02-15,19:45:59,India Standard Time,830765320675684357,unirummel,Unirummel,,Pr√ºfungsstress? Muss nicht sein. Auf meinem Blog verrate ich meine 10 Tipps:  https://unirummel.de/so-ueberstehst-du-die-pruefungszeit-teil-2/¬†‚Ä¶ #pr√ºfungen #student #stress #uni,[],['https://unirummel.de/so-ueberstehst-du-die-pruefungszeit-teil-2/'],[],0,0,0,"['#pr√ºfungen', '#student', '#stress', '#uni']",[],https://twitter.com/unirummel/status/831869672194703360,False,,0,,,,,,,"[{'user_id': '830765320675684357', 'username': 'unirummel'}]",
2100,2188,831918204809248768,1487208354000,2017-02-16,06:55:54,India Standard Time,912736428,christina51892,Christina Leonetti,,. . . . . #ouch #ok #okay #life #lifestyle #stress #stressed #help #helpme #saveme #save #me #college #collegelife #school #student,[],[],[],0,0,2,"['#ouch', '#ok', '#okay', '#life', '#lifestyle', '#stress', '#stressed', '#help', '#helpme', '#saveme', '#save', '#me', '#college', '#collegelife', '#school', '#student']",[],https://twitter.com/Christina51892/status/832038259224096768,False,,0,,,,,,,"[{'user_id': '912736428', 'username': 'Christina51892'}]",
2101,2189,832019762666414084,1487203944000,2017-02-16,05:42:24,India Standard Time,20533552,anxietyuk,Anxiety UK,,Are you a #student experiencing #anxiety and/or #stress? Find out how our student membership could #help you -  https://www.anxietyuk.org.uk/membership/student-memberships/¬†‚Ä¶ pic.twitter.com/D5KDPb8Gqe,[],['https://www.anxietyuk.org.uk/membership/student-memberships/'],['https://pbs.twimg.com/media/C4vti6IWQAEBuDi.png'],0,6,3,"['#student', '#anxiety', '#stress', '#help']",[],https://twitter.com/AnxietyUK/status/832019762666414084,False,,0,,,,,,,"[{'user_id': '20533552', 'username': 'AnxietyUK'}]",
2102,2190,832034959162560516,1487207567000,2017-02-16,06:42:47,India Standard Time,300734272,student_wire,Student Wire,,Wired: How To Survive #January #Exams  https://is.gd/F3DjCV¬† #stress #student #surviving,[],['https://is.gd/F3DjCV'],[],0,0,0,"['#january', '#exams', '#stress', '#student', '#surviving']",[],https://twitter.com/Student_Wire/status/832034959162560516,False,,0,,,,,,,"[{'user_id': '300734272', 'username': 'Student_Wire'}]",
2103,2191,832205425881837569,1487248209000,2017-02-16,18:00:09,India Standard Time,2532331292,mentalhealthind,White Swan Foundation,,"This is not to say that you should not worry about your exams, but...  http://buff.ly/2ktgLqu¬† #exams #wellbeing #student #youth #stress  pic.twitter.com/9iCJmFIXVs",[],['http://buff.ly/2ktgLqu'],"['https://pbs.twimg.com/media/C4yWbDKWYAUPljL.jpg', 'https://pbs.twimg.com/media/C4yWbDdWEAAORrv.jpg']",0,0,0,"['#exams', '#wellbeing', '#student', '#youth', '#stress']",[],https://twitter.com/mentalhealthind/status/832205425881837569,False,,0,,,,,,,"[{'user_id': '2532331292', 'username': 'mentalhealthind'}]",
2104,2192,832489546138808321,1487315949000,2017-02-17,12:49:09,India Standard Time,800342681750638592,aeamdz,AEAM,,#Midterms #intras #exam #umontr√©al #university #Student #StudentLife #stress #wewillbealright üòâüëåüèªüá®üá¶üá©üáø https://twitter.com/FactsOfSchool/status/832444966819471363¬†‚Ä¶,[],['https://twitter.com/FactsOfSchool/status/832444966819471363'],[],0,0,0,"['#midterms', '#intras', '#exam', '#umontr√©al', '#university', '#student', '#studentlife', '#stress', '#wewillbealright']",[],https://twitter.com/AEAMDZ/status/832489546138808321,False,https://twitter.com/FactsOfSchool/status/832444966819471363,0,,,,,,,"[{'user_id': '800342681750638592', 'username': 'AEAMDZ'}]",
2105,2194,833168920412565504,1487477924000,2017-02-19,09:48:44,India Standard Time,328050035,trueformlife,Drew Taddia,,The #Stress of Being a #Student - TRUE FORM -  http://bit.ly/2lWwOxa¬† pic.twitter.com/Z6igzsqs8r,[],['http://bit.ly/2lWwOxa'],['https://pbs.twimg.com/media/C5ACtzUWIAAT80u.jpg'],0,0,0,"['#stress', '#student']",[],https://twitter.com/TrueFormLife/status/833168920412565504,False,,0,,,,,,,"[{'user_id': '328050035', 'username': 'TrueFormLife'}]",
2106,2195,833391746872668160,1487531050000,2017-02-20,00:34:10,India Standard Time,2492797614,zeinalmaha94,Zein Al Maha Oweis,,While reporting on the importance of Therapy Dogs in DC I got to meet Rihanna and Rika üé•üê∂ #reporting #therapy #dogs #pal #grad #student #dc pic.twitter.com/alzw3q7HVE,[],[],['https://pbs.twimg.com/media/C5DNXx1WQAE1HVx.jpg'],0,0,0,"['#reporting', '#therapy', '#dogs', '#pal', '#grad', '#student', '#dc']",[],https://twitter.com/zeinalmaha94/status/833391746872668160,False,,0,,,,,,,"[{'user_id': '2492797614', 'username': 'zeinalmaha94'}]",
2107,2196,833412680316772352,1487536041000,2017-02-20,01:57:21,India Standard Time,239428970,hstedders,Hannah Stedman,,Candle and relax time #candle #stress #relax #chill #night #girl #uni #student #blogger‚Ä¶  https://www.instagram.com/p/BQtOEmhAGSy/¬†,[],['https://www.instagram.com/p/BQtOEmhAGSy/'],[],0,0,0,"['#candle', '#stress', '#relax', '#chill', '#night', '#girl', '#uni', '#student', '#blogger']",[],https://twitter.com/HStedders/status/833412680316772352,False,,0,,,,,,,"[{'user_id': '239428970', 'username': 'HStedders'}]",
2108,2197,833961299642023936,1487666842000,2017-02-21,14:17:22,India Standard Time,328050035,trueformlife,Drew Taddia,,The #Stress of Being a #Student - TRUE FORM -  http://bit.ly/2lWwOxa¬† pic.twitter.com/K51eETuWmF,[],['http://bit.ly/2lWwOxa'],['https://pbs.twimg.com/media/C5LTYZkWIAACOHO.jpg'],0,0,0,"['#stress', '#student']",[],https://twitter.com/TrueFormLife/status/833961299642023936,False,,0,,,,,,,"[{'user_id': '328050035', 'username': 'TrueFormLife'}]",
2109,2198,833963924194107392,1487667468000,2017-02-21,14:27:48,India Standard Time,249033451,kazukikamezaki,kazuki kamezaki,,"When you're overwhelmed by your workload, stress happens. #„Åã„Çè„ÅÑ„ÅÑÂúíÂÖê„Åå„ÅÑ„Å¶„Çà„Åã„Å£„Åü #„Çπ„Éà„É¨„Çπ #„ÅÑ„Å£„Å±„ÅÑ #‰ªï‰∫ã #Áñ≤„Çå„Åü #workload #student #help #reduce #stress  pic.twitter.com/GRczYzCmZF",[],[],['https://pbs.twimg.com/media/C5LVwDDVUAAihvl.jpg'],0,0,0,"['#„Åã„Çè„ÅÑ„ÅÑÂúíÂÖê„Åå„ÅÑ„Å¶„Çà„Åã„Å£„Åü', '#„Çπ„Éà„É¨„Çπ', '#„ÅÑ„Å£„Å±„ÅÑ', '#‰ªï‰∫ã', '#Áñ≤„Çå„Åü', '#workload', '#student', '#help', '#reduce', '#stress']",[],https://twitter.com/kazukikamezaki/status/833963924194107392,False,,0,,,,,,,"[{'user_id': '249033451', 'username': 'kazukikamezaki'}]",
2110,2199,834607970033999878,1487821020000,2017-02-23,09:07:00,India Standard Time,760206383656603649,myfamilylifeser,MyFamilyLifeServices,,34 Mental Health Tips Every Incoming Freshman Needs to Hear  http://bit.ly/2mdpCd2¬† #parenting #student #health #stress #anxiety #mom #dad pic.twitter.com/8Y94Inz5nr,[],['http://bit.ly/2mdpCd2'],['https://pbs.twimg.com/media/C5TIq4oXAAAxBJM.jpg'],0,0,0,"['#parenting', '#student', '#health', '#stress', '#anxiety', '#mom', '#dad']",[],https://twitter.com/MyFamilyLifeSer/status/834607970033999878,False,,0,,,,,,,"[{'user_id': '760206383656603649', 'username': 'MyFamilyLifeSer'}]",
2111,2201,834731125679460352,1487850383000,2017-02-23,17:16:23,India Standard Time,731572201225371649,counsellorscafe,The Counsellors Caf√©,,5 Life Lessons I Did Not Expect When I Started Training To Be A Counsellor #Student #Counsellor #Therapy #Trainee |  https://www.thecounsellorscafe.co.uk/#!5-Life-Lessons-I-Did-Not-Expect-When-I-Started-Training-To-Be-A-Counsellor/xy4f7/58ad8449f5240a14a8f8bf4d¬†‚Ä¶ pic.twitter.com/3hxur4cpt2,[],['https://www.thecounsellorscafe.co.uk/#!5-Life-Lessons-I-Did-Not-Expect-When-I-Started-Training-To-Be-A-Counsellor/xy4f7/58ad8449f5240a14a8f8bf4d'],['https://pbs.twimg.com/media/C5WPh_5XUAAQtXf.jpg'],0,11,15,"['#student', '#counsellor', '#therapy', '#trainee']",[],https://twitter.com/CounsellorsCafe/status/834731125679460352,False,,0,,,,,,,"[{'user_id': '731572201225371649', 'username': 'CounsellorsCafe'}]",
2112,2202,834754902517760002,1487856052000,2017-02-23,18:50:52,India Standard Time,3009707254,connerjb25,Conner Broughton,,Life is starting to get real now #life #student #stress,[],[],[],0,0,0,"['#life', '#student', '#stress']",[],https://twitter.com/connerjb25/status/834754902517760002,False,,0,,,,,,,"[{'user_id': '3009707254', 'username': 'connerjb25'}]",
2113,2203,834802918461169665,1487867500000,2017-02-23,22:01:40,India Standard Time,328050035,trueformlife,Drew Taddia,,The #Stress of Being a #Student - TRUE FORM -  http://bit.ly/2lWwOxa¬† pic.twitter.com/r01H8G8i5w,[],['http://bit.ly/2lWwOxa'],['https://pbs.twimg.com/media/C5XQ1B2WQAAb8M9.jpg'],0,0,0,"['#stress', '#student']",[],https://twitter.com/TrueFormLife/status/834802918461169665,False,,0,,,,,,,"[{'user_id': '328050035', 'username': 'TrueFormLife'}]",
2114,2205,834904590948708356,1487891740000,2017-02-24,04:45:40,India Standard Time,206349601,traumacareuk,Traumacare UK,,Grab your #Student Paramedic Ticket to @TraumaCareUK Conference 2017 before they sell out  https://www.traumacare.org.uk/event-2364105¬† #trauma #studentpara #EMT pic.twitter.com/DvblgLivW5,['traumacareuk'],['https://www.traumacare.org.uk/event-2364105'],['https://pbs.twimg.com/media/C5YtOnFWAAYs0p8.jpg'],0,2,2,"['#student', '#trauma', '#studentpara', '#emt']",[],https://twitter.com/TraumaCareUK/status/834904590948708356,False,,0,,,,,,,"[{'user_id': '206349601', 'username': 'TraumaCareUK'}]",
2115,2207,835456860656386049,1488023412000,2017-02-25,17:20:12,India Standard Time,869819941,redgurl71,RubyScuttle,,"I can't concentrate today, my head is full of worries and nothing makes sense #panic #stress #student",[],[],[],0,0,0,"['#panic', '#stress', '#student']",[],https://twitter.com/redgurl71/status/835456860656386049,False,,0,,,,,,,"[{'user_id': '869819941', 'username': 'redgurl71'}]",
2116,2208,835599054092517376,1488057313000,2017-02-26,02:45:13,India Standard Time,283697119,salmasalons,Salma's Salons,,Uni essay deadlines giving you stress? Treat yourself with our 20% student discount #student #uni #stress  pic.twitter.com/zZZgyqUKRQ,[],[],['https://pbs.twimg.com/media/C5ik6PQVMAQyTiQ.jpg'],0,0,0,"['#student', '#uni', '#stress']",[],https://twitter.com/SalmaSalons/status/835599054092517376,False,,0,,,,,,,"[{'user_id': '283697119', 'username': 'SalmaSalons'}]",
2117,2210,835667239613399040,1488073570000,2017-02-26,07:16:10,India Standard Time,328050035,trueformlife,Drew Taddia,,The #Stress of Being a #Student - TRUE FORM -  http://bit.ly/2lWwOxa¬† pic.twitter.com/ZIvI2ZR0yK,[],['http://bit.ly/2lWwOxa'],['https://pbs.twimg.com/media/C5ji7KVXMAAruJc.jpg'],0,0,0,"['#stress', '#student']",[],https://twitter.com/TrueFormLife/status/835667239613399040,False,,0,,,,,,,"[{'user_id': '328050035', 'username': 'TrueFormLife'}]",
2118,2211,835828152396103684,1488111935000,2017-02-26,17:55:35,India Standard Time,2294196240,camperformance,CAP,,What Joy from Cambridge University TEDx team said about our #Stress management training for #Student #Performance pic.twitter.com/45caluTz5r,[],[],['https://pbs.twimg.com/media/C5l1RfGWAAAWa9O.jpg'],0,0,0,"['#stress', '#student', '#performance']",[],https://twitter.com/CamPerformance/status/835828152396103684,False,,0,,,,,,,"[{'user_id': '2294196240', 'username': 'CamPerformance'}]",
2119,2212,835920180660301826,1488133876000,2017-02-27,00:01:16,India Standard Time,338560068,iamtarafirma,Tara Maureen Browne,,:annnnnd it's Monday again. üòÇüò≠ #longweek #exams #papers #stress #mastersdegree #student‚Ä¶  https://www.instagram.com/p/BQ_CWS-jFQ-/¬†,[],['https://www.instagram.com/p/BQ_CWS-jFQ-/'],[],0,0,0,"['#longweek', '#exams', '#papers', '#stress', '#mastersdegree', '#student']",[],https://twitter.com/iamtarafirma/status/835920180660301826,False,,0,,,,,,,"[{'user_id': '338560068', 'username': 'iamtarafirma'}]",
2120,2213,835942520983023616,1488139202000,2017-02-27,01:30:02,India Standard Time,760206383656603649,myfamilylifeser,MyFamilyLifeServices,,34 Mental Health Tips Every Incoming Freshman Needs to Hear  http://bit.ly/2mdpCd2¬† #parenting #student #health #stress #anxiety #mom #dad,[],['http://bit.ly/2mdpCd2'],[],0,1,2,"['#parenting', '#student', '#health', '#stress', '#anxiety', '#mom', '#dad']",[],https://twitter.com/MyFamilyLifeSer/status/835942520983023616,False,,0,,,,,,,"[{'user_id': '760206383656603649', 'username': 'MyFamilyLifeSer'}]",
